dataset,real,name,family,ratio,comp,enc,dec,ok,embedded,neural,cost,pct_of_flac,xchan_gain
otb_hdsemg_vl,True,LMS4bcpool+Rice+xchan_bestpartner,temporal,2.194779853292684,874803,2.145563541281369,1.4463798459987447,True,OK,OK,0.1282,178.8,
otb_hdsemg_vl,True,LMS4bc+Rice+xchan_bestpartner,temporal,2.1934384203587642,875338,2.7075904525704133,1.6028100371354665,True,OK,OK,0.1202,178.7,
otb_hdsemg_vl,True,LMS4bcxm+Rice+xchan_bestpartner,temporal,2.1915931855149386,876075,2.651829009654866,1.58713653342869,True,OK,OK,0.1189,178.6,
otb_hdsemg_vl,True,LMS4bcxs+Rice+xchan_bestpartner,temporal,2.1818628108302214,879982,1.9029399849978423,1.4371114957813755,True,OK,OK,0.1013,177.8,
otb_hdsemg_vl,True,LMS4bc_lite+Rice+xchan_bestpartner,temporal,2.1804009212193893,880572,2.5890914633791775,1.4864677249985687,True,OK,OK,0.0983,177.6,
otb_hdsemg_vl,True,LMS4+Rice+acar_sel+bestpartner,cross-channel,2.1795395722653588,880920,4.781195963847994,2.112066970908042,True,OK,OK,0.043,177.6,
otb_hdsemg_vl,True,LMS4+Rice+xchan_mst,cross-channel,2.1701683236806053,884724,1.1725653005728258,0.8544612697023973,True,OK,OK,0.0464,176.8,
otb_hdsemg_vl,True,LMS4+Rice+xchan_bestpartner,cross-channel,2.161938177576197,888092,4.74253871331296,2.1054129261386207,True,OK,OK,0.0394,176.1,
otb_hdsemg_vl,True,LMS4+Rice+xchan_bestpartner_adaptive,cross-channel,2.153106023650524,891735,1.7983347133728464,1.173053853188307,True,OK,OK,0.0387,175.4,
otb_hdsemg_vl,True,LMS4+Rice+xchan_jointbp2,cross-channel,2.1522443873501835,892092,0.8543391913104963,0.6834757603108931,True,OK,OK,0.0468,175.3,
otb_hdsemg_vl,True,LMS+Rice+xchan_joint2,cross-channel,2.1496756452945616,893158,2.760313495291856,1.5306020258222766,True,OK,OK,0.0366,175.1,
otb_hdsemg_vl,True,LMS4+Rice+xchan_bprank,cross-channel,2.1495865964319103,893195,0.8707829856893329,0.6811930089531868,True,OK,OK,0.0554,175.1,
otb_hdsemg_vl,True,LMS+Rice+xchan,cross-channel,2.142618011382658,896100,5.4215419403189165,2.1029683191132973,True,OK,OK,0.0572,174.6,17.4
otb_hdsemg_vl,True,LMS+Rice+acar,cross-channel,2.0889341974847926,919129,5.268654496672979,2.0670874858388144,True,OK,OK,0.0559,170.2,
otb_hdsemg_vl,True,delta+Rice+xchan,cross-channel,2.0409551670181645,940736,7.436050461591834,2.3482530645986612,True,OK,OK,0.0127,166.3,16.2
otb_hdsemg_vl,True,LMS4+Rice+xchan_xlag,cross-channel,2.0293923661023827,946096,0.7678587010878739,0.6158444261602521,True,OK,-,0.1063,165.3,
otb_hdsemg_vl,True,wavpack,,1.8523270823725995,1036534,1.595443237393284,inf,True,ref,,,150.9,
otb_hdsemg_vl,True,LMS+Rice,temporal,1.8253518555842456,1051852,4.982837964723803,1.9561542949470654,True,OK,OK,0.0523,148.7,
otb_hdsemg_vl,True,fixed0-3+Rice,temporal,1.8248001748766833,1052170,2.129645397903036,2.16203596298815,True,OK,OK,0.0193,148.7,
otb_hdsemg_vl,True,delta+Rice,temporal,1.757117010265407,1092699,6.536975968894069,2.1413208552013687,True,OK,OK,0.0079,143.2,
otb_hdsemg_vl,True,lzma,,1.5826384561361861,1213164,5.493357900948861,34.5123035288804,True,ref,,,128.9,
otb_hdsemg_vl,True,mtscomp,,1.4852737429130396,1292691,14.340786000477374,152.70412716433762,True,ref,,,121.0,
otb_hdsemg_vl,True,zstd-19,,1.4390106801573919,1334250,7.60121215822866,474.6795609859864,True,ref,,,117.2,
otb_hdsemg_vl,True,gzip-9,,1.3274308750742358,1446403,31.032622607344006,229.70741409054457,True,ref,,,108.1,
otb_hdsemg_vl,True,flac,,1.227415867674341,1564262,1.5288708239820368,3.2728277482304677,True,ref,,,100.0,
hyser_1dof_f1_s1,True,lzma,,1.6674366981974313,2302936,4.528508377171459,30.186612454713583,True,ref,,,170.6,
hyser_1dof_f1_s1,True,LMS4+Rice+xchan_jointbp2,cross-channel,1.496924288376227,2565260,0.6024252676432962,0.5051398721956566,True,OK,OK,0.0468,153.2,
hyser_1dof_f1_s1,True,LMS4+Rice+xchan_bprank,cross-channel,1.4952345240306384,2568159,0.7273166521076729,0.5779744474350846,True,OK,OK,0.0554,153.0,
hyser_1dof_f1_s1,True,LMS+Rice+xchan_joint2,cross-channel,1.4930027161762955,2571998,2.4466238581836057,1.1466588914275495,True,OK,OK,0.0366,152.7,
hyser_1dof_f1_s1,True,LMS4bcpool+Rice+xchan_bestpartner,temporal,1.4859743754554182,2584163,2.710027258906029,1.479171987239945,True,OK,OK,0.1282,152.0,
hyser_1dof_f1_s1,True,LMS4bc+Rice+xchan_bestpartner,temporal,1.4850847600524575,2585711,2.6661310502495366,1.5144436860377994,True,OK,OK,0.1202,151.9,
hyser_1dof_f1_s1,True,LMS4bcxs+Rice+xchan_bestpartner,temporal,1.484874006120465,2586078,2.2430687750498537,1.2918318522026757,True,OK,OK,0.1013,151.9,
hyser_1dof_f1_s1,True,LMS4bcxm+Rice+xchan_bestpartner,temporal,1.4846615899488411,2586448,2.98445972689959,1.5315730139385004,True,OK,OK,0.1189,151.9,
hyser_1dof_f1_s1,True,LMS4bc_lite+Rice+xchan_bestpartner,temporal,1.4835327860745722,2588416,2.049860545296935,1.269873114498432,True,OK,OK,0.0983,151.8,
hyser_1dof_f1_s1,True,LMS4+Rice+xchan_mst,cross-channel,1.4823244391293506,2590526,0.9363904938534625,0.6772433371850504,True,OK,OK,0.0464,151.7,
hyser_1dof_f1_s1,True,LMS4+Rice+xchan_bestpartner,cross-channel,1.4803843293608403,2593921,3.8616495350825075,1.771645845690627,True,OK,OK,0.0394,151.5,
hyser_1dof_f1_s1,True,LMS4+Rice+acar_sel+bestpartner,cross-channel,1.4803843293608403,2593921,3.9980167837221643,1.7953752261340923,True,OK,OK,0.043,151.5,
hyser_1dof_f1_s1,True,LMS4+Rice+xchan_bestpartner_adaptive,cross-channel,1.4770202194067379,2599829,1.1928256973155211,0.8132375949112909,True,OK,OK,0.0387,151.1,
hyser_1dof_f1_s1,True,LMS+Rice+xchan,cross-channel,1.473818987394242,2605476,4.6882986011713825,1.7156244504545926,True,OK,OK,0.0572,150.8,10.8
hyser_1dof_f1_s1,True,LMS4+Rice+xchan_xlag,cross-channel,1.4684456273589777,2615010,0.673691705747938,0.5504800082669478,True,OK,-,0.1063,150.2,
hyser_1dof_f1_s1,True,delta+Rice+xchan,cross-channel,1.451551080611738,2645446,5.377503865651991,1.869544689562507,True,OK,OK,0.0127,148.5,10.9
hyser_1dof_f1_s1,True,zstd-19,,1.4398826495640604,2666884,6.9713964772442125,398.1991428478957,True,ref,,,147.3,
hyser_1dof_f1_s1,True,mtscomp,,1.4145251100308984,2714692,25.34242934451568,132.3223444821221,True,ref,,,144.7,
hyser_1dof_f1_s1,True,gzip-9,,1.3788700375490728,2784889,32.124504659113676,193.01169890301466,True,ref,,,141.1,
hyser_1dof_f1_s1,True,LMS+Rice+acar,cross-channel,1.3632998957998648,2816695,4.011726988090273,1.6781235562901442,True,OK,OK,0.0559,139.5,
hyser_1dof_f1_s1,True,wavpack,,1.336608953469997,2872942,2.1463283078380786,inf,True,ref,,,136.7,
hyser_1dof_f1_s1,True,LMS+Rice,temporal,1.3299921897594065,2887235,3.4212671269654016,1.6497475354366737,True,OK,OK,0.0523,136.1,
hyser_1dof_f1_s1,True,fixed0-3+Rice,temporal,1.3100566292447626,2931171,1.597351198379288,1.7386333730767751,True,OK,OK,0.0193,134.0,
hyser_1dof_f1_s1,True,delta+Rice,temporal,1.3090031463799585,2933530,4.542175474152422,1.4463288412330975,True,OK,OK,0.0079,133.9,
hyser_1dof_f1_s1,True,flac,,0.9774230546608571,3928698,2.3486816724475337,2.748846991616598,True,ref,,,100.0,
capgmyo_dba_s1,True,LMS4+Rice+xchan_xlag,cross-channel,1.3638470431334386,2815565,0.6558553065198895,0.5084483835678557,True,OK,-,0.1063,138.6,
capgmyo_dba_s1,True,LMS4bc_lite+Rice+xchan_bestpartner,temporal,1.3537777273244875,2836507,2.157940751270571,1.2051233904281171,True,OK,OK,0.0983,137.6,
capgmyo_dba_s1,True,LMS4bcxs+Rice+xchan_bestpartner,temporal,1.3531628066288064,2837796,2.16790626913895,1.2533540582865617,True,OK,OK,0.1013,137.5,
capgmyo_dba_s1,True,LMS4bc+Rice+xchan_bestpartner,temporal,1.3531456407567466,2837832,2.793139558281958,1.4781575994981762,True,OK,OK,0.1202,137.5,
capgmyo_dba_s1,True,LMS4+Rice+xchan_bestpartner_adaptive,cross-channel,1.3528662797375157,2838418,1.41826534962903,0.9392552943162913,True,OK,OK,0.0387,137.5,
capgmyo_dba_s1,True,LMS4+Rice+xchan_mst,cross-channel,1.3527318843132419,2838700,0.9166425861387695,0.6789006938471642,True,OK,OK,0.0464,137.5,
capgmyo_dba_s1,True,LMS4+Rice+xchan_bprank,cross-channel,1.3514559826563148,2841380,0.721311773041367,0.5695933492811539,True,OK,OK,0.0554,137.3,
capgmyo_dba_s1,True,LMS4bcxm+Rice+xchan_bestpartner,temporal,1.3513427913252238,2841618,2.783850585631378,1.4853542952329002,True,OK,OK,0.1189,137.3,
capgmyo_dba_s1,True,LMS4bcpool+Rice+xchan_bestpartner,temporal,1.3506231859794058,2843132,2.640327641912223,1.3811071315058268,True,OK,OK,0.1282,137.3,
capgmyo_dba_s1,True,LMS4+Rice+xchan_bestpartner,cross-channel,1.3504802117721781,2843433,3.8035320542989286,1.6969861773415955,True,OK,OK,0.0394,137.2,
capgmyo_dba_s1,True,LMS4+Rice+acar_sel+bestpartner,cross-channel,1.3504802117721781,2843433,3.826112169391152,1.708257623939283,True,OK,OK,0.043,137.2,
capgmyo_dba_s1,True,LMS+Rice+xchan_joint2,cross-channel,1.3504407923148665,2843516,2.3489594957260227,1.2901901549397006,True,OK,OK,0.0366,137.2,
capgmyo_dba_s1,True,LMS4+Rice+xchan_jointbp2,cross-channel,1.3502874107852096,2843839,0.6607321836675405,0.5209365390090575,True,OK,OK,0.0468,137.2,
capgmyo_dba_s1,True,LMS+Rice+xchan,cross-channel,1.34930194707082,2845916,4.319146499544146,1.694593223989149,True,OK,OK,0.0572,137.1,1.3
capgmyo_dba_s1,True,wavpack,,1.3471698907529417,2850420,2.4957111723862457,inf,True,ref,,,136.9,
capgmyo_dba_s1,True,LMS+Rice+acar,cross-channel,1.3322596615713518,2882321,4.323907802645384,1.682913065302681,True,OK,OK,0.0559,135.4,
capgmyo_dba_s1,True,LMS+Rice,temporal,1.3322587371366776,2882323,4.3918031682236585,1.6929522798701566,True,OK,OK,0.0523,135.4,
capgmyo_dba_s1,True,delta+Rice+xchan,cross-channel,1.29002608271486,2976684,4.644907974232127,1.7775463947146983,True,OK,OK,0.0127,131.1,1.2
capgmyo_dba_s1,True,delta+Rice,temporal,1.2748009368458968,3012235,5.018909400999233,1.7570997238821375,True,OK,OK,0.0079,129.6,
capgmyo_dba_s1,True,fixed0-3+Rice,temporal,1.2743178168546452,3013377,1.618785641820193,1.738752969453128,True,OK,OK,0.0193,129.5,
capgmyo_dba_s1,True,lzma,,1.17316817732437,3273188,5.304676110472747,25.83744612922429,True,ref,,,119.2,
capgmyo_dba_s1,True,mtscomp,,1.1395950520207334,3369618,28.038748051356308,157.23661876078015,True,ref,,,115.8,
capgmyo_dba_s1,True,zstd-19,,1.1177226865978356,3435557,9.835720213680359,610.197740885937,True,ref,,,113.6,
capgmyo_dba_s1,True,gzip-9,,1.114945996255059,3444113,35.65065169678074,224.57071352506375,True,ref,,,113.3,
capgmyo_dba_s1,True,flac,,0.9840040405665916,3902423,2.436963275529797,3.168334318691375,True,ref,,,100.0,
cemhsey_s1_d1t1,True,lzma,,2.0589247094128034,4662628,3.374166112621425,32.77276821978593,True,ref,,,175.8,
cemhsey_s1_d1t1,True,LMS4bcxs+Rice+xchan_bestpartner,temporal,1.971615716488232,4869103,2.1717242296870674,1.4766839772615579,True,OK,OK,0.1013,168.3,
cemhsey_s1_d1t1,True,LMS4bc_lite+Rice+xchan_bestpartner,temporal,1.9699941166946535,4873111,2.4001024045436323,1.3401132126989839,True,OK,OK,0.0983,168.2,
cemhsey_s1_d1t1,True,LMS4bcpool+Rice+xchan_bestpartner,temporal,1.9556830008977808,4908771,4.0261625779828085,1.8596797677781753,True,OK,OK,0.1282,166.9,
cemhsey_s1_d1t1,True,LMS4+Rice+xchan_bestpartner,cross-channel,1.955547153945561,4909112,5.23015211937415,2.130978346065201,True,OK,OK,0.0394,166.9,
cemhsey_s1_d1t1,True,LMS4+Rice+acar_sel+bestpartner,cross-channel,1.955547153945561,4909112,5.222668848258801,2.094048384866557,True,OK,OK,0.043,166.9,
cemhsey_s1_d1t1,True,LMS4bc+Rice+xchan_bestpartner,temporal,1.9552540119368258,4909848,4.13591744892753,1.9434506141761518,True,OK,OK,0.1202,166.9,
cemhsey_s1_d1t1,True,LMS+Rice+xchan,cross-channel,1.955106677544663,4910218,6.104371234247889,2.102095301661935,True,OK,OK,0.0572,166.9,13.1
cemhsey_s1_d1t1,True,LMS4bcxm+Rice+xchan_bestpartner,temporal,1.9550210745162393,4910433,4.226586960691541,1.926953862749967,True,OK,OK,0.1189,166.9,
cemhsey_s1_d1t1,True,LMS+Rice+xchan_joint2,cross-channel,1.954269682294785,4912321,2.8150087668900263,1.5112649355152705,True,OK,OK,0.0366,166.8,
cemhsey_s1_d1t1,True,LMS4+Rice+xchan_bestpartner_adaptive,cross-channel,1.9539478906521912,4913130,1.8973335679237207,1.205218672172567,True,OK,OK,0.0387,166.8,
cemhsey_s1_d1t1,True,LMS4+Rice+xchan_mst,cross-channel,1.9531210263650993,4915210,1.2327297189125428,0.8729902842241792,True,OK,OK,0.0464,166.7,
cemhsey_s1_d1t1,True,LMS4+Rice+xchan_xlag,cross-channel,1.9523405207258233,4917175,0.7711759493366664,0.6179375706237413,True,OK,-,0.1063,166.7,
cemhsey_s1_d1t1,True,LMS4+Rice+xchan_jointbp2,cross-channel,1.9522595268739709,4917379,0.8546464564352538,0.6803892696872097,True,OK,OK,0.0468,166.7,
cemhsey_s1_d1t1,True,LMS4+Rice+xchan_bprank,cross-channel,1.9520971623827623,4917788,0.9439554940667089,0.7077057294325563,True,OK,OK,0.0554,166.6,
cemhsey_s1_d1t1,True,delta+Rice+xchan,cross-channel,1.88236696665583,5099962,6.946366031510559,2.2139328287916324,True,OK,OK,0.0127,160.7,12.2
cemhsey_s1_d1t1,True,zstd-19,,1.853665468992811,5178928,3.6461608526736624,329.99187900705044,True,ref,,,158.2,
cemhsey_s1_d1t1,True,LMS+Rice+acar,cross-channel,1.7434274148512774,5506395,5.504005142287847,1.9914746559299839,True,OK,OK,0.0559,148.8,
cemhsey_s1_d1t1,True,wavpack,,1.731258227985068,5545100,2.3164991340545313,inf,True,ref,,,147.8,
cemhsey_s1_d1t1,True,LMS+Rice,temporal,1.729317186314472,5551324,5.501311418497631,1.9437432612841226,True,OK,OK,0.0523,147.6,
cemhsey_s1_d1t1,True,fixed0-3+Rice,temporal,1.7087779567643577,5618050,2.0351573430634824,2.1220333093556865,True,OK,OK,0.0193,145.9,
cemhsey_s1_d1t1,True,gzip-9,,1.6930359962379329,5670287,13.037006255347697,260.34898023191926,True,ref,,,144.5,
cemhsey_s1_d1t1,True,mtscomp,,1.6786169036022769,5718994,12.074552818256986,161.5143095664012,True,ref,,,143.3,
cemhsey_s1_d1t1,True,delta+Rice,temporal,1.6779772822850694,5721174,4.784611195206572,2.0095304249401624,True,OK,OK,0.0079,143.2,
cemhsey_s1_d1t1,True,flac,,1.1714421441198424,8195027,2.2090424541383005,3.243363771040574,True,ref,,,100.0,
